{"cameraMode":{"drawMode":0,"name":"Shaded","section":"Shading Mode"},"sceneLighting":false,"audioPlay":false,"sceneViewState":{"showFog":false,"showMaterialUpdate":false,"showSkybox":false,"showFlares":false,"showImageEffects":false,"showParticleSystems":true},"in2DMode":false,"pivot":{"x":-6.320727825164795,"y":2.010342597961426,"z":-6.355880260467529},"rotation":{"x":-0.06005704775452614,"y":-0.013475228101015091,"z":0.0008108245092444122,"w":-0.9981037378311157},"size":25.155174255371095,"orthographic":false}