{"cameraMode":{"drawMode":0,"name":"Shaded","section":"Shading Mode"},"sceneLighting":true,"audioPlay":false,"sceneViewState":{"showFog":false,"showMaterialUpdate":false,"showSkybox":false,"showFlares":false,"showImageEffects":false,"showParticleSystems":true},"in2DMode":false,"pivot":{"x":16.0,"y":0.800000011920929,"z":-7.199999809265137},"rotation":{"x":0.25584542751312258,"y":-0.12863288819789887,"z":0.03436081483960152,"w":0.9575051069259644},"size":22.899721145629884,"orthographic":false}