{"cameraMode":{"drawMode":0,"name":"Shaded","section":"Shading Mode"},"sceneLighting":true,"audioPlay":false,"sceneViewState":{"showFog":false,"showMaterialUpdate":false,"showSkybox":false,"showFlares":false,"showImageEffects":false,"showParticleSystems":true},"in2DMode":false,"pivot":{"x":19.585010528564454,"y":13.410514831542969,"z":-17.77058982849121},"rotation":{"x":0.21512898802757264,"y":-0.13919547200202943,"z":0.03099503368139267,"w":0.9661177396774292},"size":-20.99735450744629,"orthographic":false}