{"cameraMode":{"drawMode":0,"name":"Shaded","section":"Shading Mode"},"sceneLighting":true,"audioPlay":false,"sceneViewState":{"showFog":false,"showMaterialUpdate":false,"showSkybox":false,"showFlares":false,"showImageEffects":false,"showParticleSystems":true},"in2DMode":false,"pivot":{"x":-1.4374237060546876,"y":-18.2764892578125,"z":-18.41071319580078},"rotation":{"x":0.2118297815322876,"y":0.6809626817703247,"z":-0.21632978320121766,"w":0.6667978167533875},"size":65.7906265258789,"orthographic":false}