{"cameraMode":{"drawMode":0,"name":"Shaded","section":"Shading Mode"},"sceneLighting":true,"audioPlay":false,"sceneViewState":{"showFog":false,"showMaterialUpdate":false,"showSkybox":false,"showFlares":false,"showImageEffects":false,"showParticleSystems":true},"in2DMode":false,"pivot":{"x":-29.116714477539064,"y":-58.018768310546878,"z":0.6287496089935303},"rotation":{"x":0.2118297964334488,"y":0.6809627413749695,"z":-0.21632979810237885,"w":0.6667978763580322},"size":168.53839111328126,"orthographic":false}