{"cameraMode":{"drawMode":0,"name":"Shaded","section":"Shading Mode"},"sceneLighting":false,"audioPlay":false,"sceneViewState":{"showFog":false,"showMaterialUpdate":false,"showSkybox":false,"showFlares":false,"showImageEffects":false,"showParticleSystems":true},"in2DMode":false,"pivot":{"x":-0.0001347064971923828,"y":0.5735644102096558,"z":0.03007364273071289},"rotation":{"x":-0.06005704775452614,"y":-0.013475228101015091,"z":0.0008108245092444122,"w":-0.9981037378311157},"size":6.004825592041016,"orthographic":false}