{"cameraMode":{"drawMode":0,"name":"Shaded","section":"Shading Mode"},"sceneLighting":false,"audioPlay":false,"sceneViewState":{"showFog":false,"showMaterialUpdate":false,"showSkybox":false,"showFlares":false,"showImageEffects":false,"showParticleSystems":true},"in2DMode":false,"pivot":{"x":14.68807601928711,"y":10.42296314239502,"z":140.82052612304688},"rotation":{"x":-0.06005704775452614,"y":-0.013475228101015091,"z":0.0008108245092444122,"w":-0.9981037378311157},"size":22.0,"orthographic":false}