{"cameraMode":{"drawMode":0,"name":"Shaded","section":"Shading Mode"},"sceneLighting":false,"audioPlay":false,"sceneViewState":{"showFog":false,"showMaterialUpdate":false,"showSkybox":false,"showFlares":false,"showImageEffects":false,"showParticleSystems":true},"in2DMode":false,"pivot":{"x":0.6763596534729004,"y":8.011947631835938,"z":-25.000003814697267},"rotation":{"x":-0.06005704775452614,"y":-0.013475228101015091,"z":0.0008108245092444122,"w":-0.9981037378311157},"size":89.33976745605469,"orthographic":false}